[{"id":3919,"name":"Alabama","country_id":231},{"id":3920,"name":"Alaska","country_id":231},{"id":3921,"name":"Arizona","country_id":231},{"id":3922,"name":"Arkansas","country_id":231},{"id":3924,"name":"California","country_id":231},{"id":3926,"name":"Colorado","country_id":231},{"id":3927,"name":"Connecticut","country_id":231},{"id":3928,"name":"Delaware","country_id":231},{"id":3929,"name":"District of Columbia","country_id":231},{"id":3930,"name":"Florida","country_id":231},{"id":3931,"name":"Georgia","country_id":231},{"id":3932,"name":"Hawaii","country_id":231},{"id":3933,"name":"Idaho","country_id":231},{"id":3934,"name":"Illinois","country_id":231},{"id":3935,"name":"Indiana","country_id":231},{"id":3936,"name":"Iowa","country_id":231},{"id":3937,"name":"Kansas","country_id":231},{"id":3938,"name":"Kentucky","country_id":231},{"id":3939,"name":"Louisiana","country_id":231},{"id":3941,"name":"Maine","country_id":231},{"id":3942,"name":"Maryland","country_id":231},{"id":3943,"name":"Massachusetts","country_id":231},{"id":3945,"name":"Michigan","country_id":231},{"id":3946,"name":"Minnesota","country_id":231},{"id":3947,"name":"Mississippi","country_id":231},{"id":3948,"name":"Missouri","country_id":231},{"id":3949,"name":"Montana","country_id":231},{"id":3950,"name":"Nebraska","country_id":231},{"id":3951,"name":"Nevada","country_id":231},{"id":3952,"name":"New Hampshire","country_id":231},{"id":3953,"name":"New Jersey","country_id":231},{"id":3955,"name":"New Mexico","country_id":231},{"id":3956,"name":"New York","country_id":231},{"id":3957,"name":"North Carolina","country_id":231},{"id":3958,"name":"North Dakota","country_id":231},{"id":3959,"name":"Ohio","country_id":231},{"id":3960,"name":"Oklahoma","country_id":231},{"id":3962,"name":"Oregon","country_id":231},{"id":3963,"name":"Pennsylvania","country_id":231},{"id":3965,"name":"Rhode Island","country_id":231},{"id":3966,"name":"South Carolina","country_id":231},{"id":3967,"name":"South Dakota","country_id":231},{"id":3969,"name":"Tennessee","country_id":231},{"id":3970,"name":"Texas","country_id":231},{"id":3972,"name":"Utah","country_id":231},{"id":3973,"name":"Vermont","country_id":231},{"id":3974,"name":"Virginia","country_id":231},{"id":3975,"name":"Washington","country_id":231},{"id":3976,"name":"West Virginia","country_id":231},{"id":3977,"name":"Wisconsin","country_id":231},{"id":3978,"name":"Wyoming","country_id":231}]